<?xml version="1.0" encoding="UTF-8"?><?xml-stylesheet type='text/xsl' href='_UpgradeReport_Files/UpgradeReport.xslt'?><UpgradeLog>
<Properties><Property Name="Solution" Value="TRAMITE23">
</Property><Property Name="Solution File" Value="C:\Inetpub\wwwroot\FNT_TRAMITE23\TRAMITE23.sln">
</Property><Property Name="User Options File" Value="C:\Inetpub\wwwroot\FNT_TRAMITE23\TRAMITE23.suo">
</Property><Property Name="Date" Value="Martes, 08 de Julio de 2008">
</Property><Property Name="Time" Value="13:32 PM">
</Property></Properties><Event ErrorLevel="0" Project="" Source="TRAMITE23.sln" Description="File successfully backed up as C:\Inetpub\wwwroot\FNT_TRAMITE23\Backup\TRAMITE23.sln">
</Event><Event ErrorLevel="0" Project="" Source="TRAMITE23.suo" Description="File successfully backed up as C:\Inetpub\wwwroot\FNT_TRAMITE23\Backup\TRAMITE23.suo">
</Event><Event ErrorLevel="0" Project="ADSQLTRAMITES" Source="ADTRAMITE23\ADSQLTRAMITES\ADSQLTRAMITES.vbproj" Description="Project file successfully backed up as C:\Inetpub\wwwroot\FNT_TRAMITE23\Backup\ADTRAMITE23\ADSQLTRAMITES\ADSQLTRAMITES.vbproj">
</Event><Event ErrorLevel="0" Project="ADSQLTRAMITES" Source="ADTRAMITE23\ADSQLTRAMITES\ADSQLTRAMITES.vbproj.user" Description="Project user file successfully backed up as C:\Inetpub\wwwroot\FNT_TRAMITE23\Backup\ADTRAMITE23\ADSQLTRAMITES\ADSQLTRAMITES.vbproj.user">
</Event><Event ErrorLevel="0" Project="ADSQLTRAMITES" Source="ADTRAMITE23\ADSQLTRAMITES\ADSQLTRAMITES.vb" Description="File successfully backed up as C:\Inetpub\wwwroot\FNT_TRAMITE23\Backup\ADTRAMITE23\ADSQLTRAMITES\ADSQLTRAMITES.vb">
</Event><Event ErrorLevel="0" Project="ADSQLTRAMITES" Source="ADTRAMITE23\ADSQLTRAMITES\AssemblyInfo.vb" Description="File successfully backed up as C:\Inetpub\wwwroot\FNT_TRAMITE23\Backup\ADTRAMITE23\ADSQLTRAMITES\AssemblyInfo.vb">
</Event><Event ErrorLevel="0" Project="ADSQLTRAMITES" Source="ADTRAMITE23\ADSQLTRAMITES\ADSQLTRAMITES.vbproj" Description="Project converted successfully">
</Event><Event ErrorLevel="3" Project="ADSQLTRAMITES" Source="ADTRAMITE23\ADSQLTRAMITES\ADSQLTRAMITES.vbproj" Description="Converted">
</Event><Event ErrorLevel="0" Project="ADTRAMITES" Source="ADTRAMITE23\ADTRAMITES\ADTRAMITES.vbproj" Description="Project file successfully backed up as C:\Inetpub\wwwroot\FNT_TRAMITE23\Backup\ADTRAMITE23\ADTRAMITES\ADTRAMITES.vbproj">
</Event><Event ErrorLevel="0" Project="ADTRAMITES" Source="ADTRAMITE23\ADTRAMITES\ADTRAMITES.vbproj.user" Description="Project user file successfully backed up as C:\Inetpub\wwwroot\FNT_TRAMITE23\Backup\ADTRAMITE23\ADTRAMITES\ADTRAMITES.vbproj.user">
</Event><Event ErrorLevel="0" Project="ADTRAMITES" Source="ADTRAMITE23\ADTRAMITES\ADTRAMITEs.vb" Description="File successfully backed up as C:\Inetpub\wwwroot\FNT_TRAMITE23\Backup\ADTRAMITE23\ADTRAMITES\ADTRAMITEs.vb">
</Event><Event ErrorLevel="0" Project="ADTRAMITES" Source="ADTRAMITE23\ADTRAMITES\AssemblyInfo.vb" Description="File successfully backed up as C:\Inetpub\wwwroot\FNT_TRAMITE23\Backup\ADTRAMITE23\ADTRAMITES\AssemblyInfo.vb">
</Event><Event ErrorLevel="0" Project="ADTRAMITES" Source="ADTRAMITE23\ADTRAMITES\Configuracion.vb" Description="File successfully backed up as C:\Inetpub\wwwroot\FNT_TRAMITE23\Backup\ADTRAMITE23\ADTRAMITES\Configuracion.vb">
</Event><Event ErrorLevel="0" Project="ADTRAMITES" Source="ADTRAMITE23\ADTRAMITES\ADTRAMITES.vbproj" Description="Project converted successfully">
</Event><Event ErrorLevel="3" Project="ADTRAMITES" Source="ADTRAMITE23\ADTRAMITES\ADTRAMITES.vbproj" Description="Converted">
</Event><Event ErrorLevel="0" Project="" Source="TRAMITE23.sln" Description="Solution converted successfully">
</Event><Event ErrorLevel="3" Project="" Source="TRAMITE23.sln" Description="Converted">
</Event><Event ErrorLevel="1" Project="tramites.vbproj" Source=" tramites.vbproj:(Warning List)" Description="Warning: This web project was converted as a file-based web application. If your site contained any IIS meta-information, e.g. sub-folders marked as virtual directories, it is recommended that you close this web site and re-open it using the Open Web Site command and selecting the Local IIS tab.&#xA;">
</Event><Event ErrorLevel="0" Project="tramites.vbproj" Source="tramites.vbproj" Description="Converted.&#xA;There may be some unresolved conversion issues you will need to manually fix. For more information, please refer to http://go.microsoft.com/fwlink/?LinkId=46995 or search for the help topic &quot;Converting from Visual Studio .NET 2002 or 2003&quot;.">
</Event><Event ErrorLevel="3" Project="tramites.vbproj" Source="tramites.vbproj" Description="Converted">
</Event><Event ErrorLevel="0" Project="ADSQLTRAMITES" Source="ADTRAMITE23\ADSQLTRAMITES\ADSQLTRAMITES.vbproj" Description="Scan complete: Upgrade not required for project files.">
</Event><Event ErrorLevel="0" Project="ADTRAMITES" Source="ADTRAMITE23\ADTRAMITES\ADTRAMITES.vbproj" Description="Scan complete: Upgrade not required for project files.">
</Event></UpgradeLog>